<?xml version="1.0" encoding="UTF-8"?>
<project-private xmlns="http://www.netbeans.org/ns/project-private/1">
    <editor-bookmarks xmlns="http://www.netbeans.org/ns/editor-bookmarks/2" lastBookmarkId="0"/>
    <open-files xmlns="http://www.netbeans.org/ns/projectui-open-files/2">
        <group>
            <file>file:/E:/Practical%20S.E/Assignment2/TicTacToe/src/tictactoe/PlayerXO.java</file>
            <file>file:/E:/Practical%20S.E/Assignment2/TicTacToe/src/tictactoe/icon.png</file>
            <file>file:/E:/Practical%20S.E/Assignment2/TicTacToe/src/tictactoe/Model.java</file>
            <file>file:/E:/Practical%20S.E/Assignment2/TicTacToe/src/tictactoe/Player.java</file>
            <file>file:/E:/Practical%20S.E/Assignment2/TicTacToe/src/tictactoe/Window.java</file>
            <file>file:/E:/Practical%20S.E/Assignment2/TicTacToe/src/tictactoe/MainWindow.java</file>
            <file>file:/E:/Practical%20S.E/Assignment2/TicTacToe/src/tictactoe/TicTacToe.java</file>
            <file>file:/E:/Practical%20S.E/Assignment2/TicTacToe/src/tictactoe/BaseWindow.java</file>
        </group>
    </open-files>
</project-private>
